indexer,indexer_vps_provider,indexer_location,indexing_agreements
0xbcfd8fadabb6cffba8fdfdd3aac9f478d82eacc2,AS24940 Hetzner Online GmbH,"60,20",262
0x1f7a67bbdea486fd31c62ef60de15adc5d9beffb,AS3170 VeloxServ Communications Ltd,"60,0",247
0xa7ff5a5dedbdbadd9e60797c2e07fbcedc8ef34f,AS24940 Hetzner Online GmbH,"60,20",242
0xa9aae95abfbbbeec6fee421684ddcbdfcfa8dcfa,"AS13335 Cloudflare, Inc.","40,-120",234
0xce18af665bb641ea9b32f3da1548bc82dd454d18,"AS13335 Cloudflare, Inc.","40,-120",233
0x0f1b3cee68ddadac906e3fa3d02fb70f89e389cb,"AS13335 Cloudflare, Inc.","40,-120",231
0xa8e1ab49da9be1b4da5d56d4f071a4904ece9fce,AS24940 Hetzner Online GmbH,"60,20",230
0x5ecf4a977a60eab631f9ec40bb0f35f7bee7726f,AS8708 RCS & RDS SA,"40,20",226
0x1a9db0407036644ca2a98f6675ec37f4bd49b3bb,AS24940 Hetzner Online GmbH,"60,20",225
0x33d0bdb6ffc41c20926cf480ded7d6fbca795c84,AS16276 OVH SAS,"60,0",223
0x0cd74f0c4e9bb81fecacadab7fe77f6fca65599a,AS16276 OVH SAS,"40,-120",210
0xff1f7a0a6bcbb92f1cf99999dbbeb67be70ed44b,AS24940 Hetzner Online GmbH,"60,20",209
0xdfba1aaa5f54ca9f7becfe1578ac6bfe7fcb135b,"AS13335 Cloudflare, Inc.","40,-120",196
0xfdffb62285a4ef58a0d5fa240e8f5ca9eafba0af,"AS13335 Cloudflare, Inc.","40,-120",192
0x6ed43a7db1db90fb54aefd9b06e0aff466bd244b,"AS14061 DigitalOcean, LLC","60,0",191
0xbb19eabb22a9ab90311cebce6526faa6ae2de015,AS16276 OVH SAS,"60,0",190
0xe1563fd258dde07bb2f18ead4ebde1ffcdceadef,AS24940 Hetzner Online GmbH,"60,20",188
0xd80e74d8a6a8ea7e1e4e7eecabbfc3fde7be28bd,AS8708 RCS & RDS SA,"40,20",185
0xffcabc67f2bfd3e7bd8ff8ea47aff126bb1ff7e4,"AS13335 Cloudflare, Inc.","40,-120",184
0xe78aed48f5c867fd186bcf223dcbb6c30efdf8d2,AS24940 Hetzner Online GmbH,"60,20",183
0xebc444bdf2657da8739170d921698b2ce89ccd56,AS135377 UCLOUD INFORMATION TECHNOLOGY (HK) LIMITED,"20,120",174
0x9a4a9f8eff23abb63938ebde087bc054ed618f2e,AS24940 Hetzner Online GmbH,"40,20",168
0xd5bb06c2981ad389fff0aaeba1bed1c073d704fc,AS396982 Google LLC,"40,-80",163
0xf3ce1cb24db8a03acebfcd27e2fdecafaacce35a,AS8708 RCS & RDS SA,"40,20",158
0xfdd25e9497db1cc88af0aac92f7ad8d64bb1ab3c,AS8708 RCS & RDS SA,"40,20",156
0xdebd70f3af99e9221a5f6b8fb7fe82e7beab3d4f,"AS19969 Joe's Datacenter, LLC","40,-100",155
0x6b32478cafba4d363d8e1ebadad8acfbfadbd381,AS24940 Hetzner Online GmbH,"60,20",153
0xd63d7f7de87c4e3caefd992e4b47e3aaf7c7e0c1,AS8708 RCS & RDS SA,"40,20",148
0xfd39fe78b9a95fe3f0d737e5c7fdd57ec143f050,"AS13335 Cloudflare, Inc.","40,-120",148
0x36fdbe5e4d02c2af4ece3aef6bbfa90cc3f84ecc,AS8708 RCS & RDS SA,"40,20",147
0xcb4cdbf6d18af501e06e124ddb971dbbf93b5e8a,AS24940 Hetzner Online GmbH,"60,20",145
0xef36ebf1ad0f00df08bd7c0bae9a8912b5e47a72,AS24940 Hetzner Online GmbH,"60,20",142
0x9d66cbc5ec12fb2da31cffc755fece2707bba7b6,AS24940 Hetzner Online GmbH,"60,20",141
0x11dcdfdee5cd6a8fdc72bd081cc1f05b820bb0b5,AS24940 Hetzner Online GmbH,"60,20",138
0x3eeb5dbd5ea90d78bce4cdc7ca61e7aada15c8eb,AS24940 Hetzner Online GmbH,"60,20",137
0x0f8f924acc2ffbee84ede56e3b2d9e6ad1fc35e8,AS24940 Hetzner Online GmbH,"60,20",136
0xe48edb4ad0bb068d0ddeee44c0afb25101c7ad1c,AS8708 RCS & RDS SA,"40,20",135
0x9a5e1abcfb8ecff368ceebf4827f9ac4dee130cd,AS396982 Google LLC,"40,-100",132
0x6a7db464ababf2ab85f4175c397ae5ef5bdba858,AS8708 RCS & RDS SA,"40,20",132
0xbbc6bf8be677f2ae333a6b8cdef777f48ffe9aeb,AS8708 RCS & RDS SA,"40,20",130
0x522b7c0c6aff3ebdccbea0d9e2ef61de88e44c33,AS24940 Hetzner Online GmbH,"60,20",126
0x99a4a9f87714f6bd4abaaa1f0da75398fd9939bf,AS13649 Flexential Colorado Corp.,"20,-80",126
0x57b83cbe1275ca9fc8d4b200ae82c3ebdcb3dadf,AS24940 Hetzner Online GmbH,"60,20",125
0xc5dafb26aaca45c8ed9aed554e1322cceeef7e52,"AS13335 Cloudflare, Inc.","40,-120",124
0x48ca52ac80da6d67fd5d2935ddcfce0ded1ee33c,AS16276 OVH SAS,"60,0",122
0x9eeeef756dcdc2fb0cf665c109d0fad4ab2e53ba,AS39122 Blacknight Internet Solutions Limited,"60,0",121
0x4e8de79d7a9e9b5095bd5108d57cb3b2bde4c8eb,"AS13335 Cloudflare, Inc.","40,-120",120
0x20c4f566d4c02c92bb14c0fd3dc2f2ee68f6a0cb,AS6939 Hurricane Electric LLC,"40,-80",118
0x817d118db1ec9bea2de513cc2daacefdcc74f0ab,"AS13335 Cloudflare, Inc.","40,-120",117
0xeb115ea003f0571a61cfbeb1e52d0a385626618b,"AS13335 Cloudflare, Inc.","40,-120",114
0x5f872da4bbde14cb2c2b2b044c0ead5ba493bb81,AS396982 Google LLC,"40,-100",114
0xf15ecdec5e9dab6aa7c3dcb52f9ef2dcf9f7da5b,AS24940 Hetzner Online GmbH,"60,20",112
0xdfc43a6d55cad2af00ae3731cbed8b99cb4b5059,AS24940 Hetzner Online GmbH,"60,20",104
0xff87b53b302b948920b68e8efceabbd00f17f2e4,"AS13335 Cloudflare, Inc.","40,-120",103
0xd21b5cfcdb9bddfebae7be241bce65c88a885cc4,AS24940 Hetzner Online GmbH,"60,20",98
0xf65ac1acf4ae91c5b0fbef3e7d1438edb669b2be,"AS35411 Sibinet, Ltd.","60,80",97
0xe9247e2bb1fef9b0ffc3fe09da1e3bbcedffaa2a,AS5413 Daisy Corporate Services Trading Ltd,"60,0",93
0x7ff2ad7d6f8de97f01fa67e6afa043b57559ef18,AS24940 Hetzner Online GmbH,"60,20",92
0xc68cccaedc3e3fd6466feb2ba42afab5bb18a8bd,"AS13335 Cloudflare, Inc.","40,-120",89
0xb19047a7aaaaf957f623b0b1da99ecf6da9ecbfc,"AS13335 Cloudflare, Inc.","40,-120",86
0xeafe1bde9eeae11e3b40e6db65f71ed257d4cb1a,AS396982 Google LLC,"40,-100",84
0xb11b30453fd66e7aeced5badee101523dbb07c0b,"AS13335 Cloudflare, Inc.","40,-120",82
0xabb3cdbfdd628bd64c4a5bfb88e5ec67edfcbd47,AS15502 Vodafone Ireland Limited,"60,0",77
0xfab75390c4dd1ce4f2697004b16a32dfb1efaaa4,AS13649 Flexential Colorado Corp.,"20,-80",72
0xb43ce36064ab31e6aebaeca529c694b13eeb4d62,"AS13335 Cloudflare, Inc.","40,-120",64
0xf72ad1b3c1a6a1b739cd6ac3a49fceca075be92c,AS24940 Hetzner Online GmbH,"60,20",43
0x1ed9bf85b2f1db5112e7c7b3edcf18f4de5c3b0d,"AS13335 Cloudflare, Inc.","40,-120",39
0x6dec1cc2dcf8341bd32557e50ad0daeef0c8cb5c,AS24940 Hetzner Online GmbH,"60,20",27
0xf585bcbc499e8c5aa7a0d7fe2a86a4369efcd915,AS24940 Hetzner Online GmbH,"60,20",25
0xe950bca5c8c873813e6ecdcdfdabbcaac6dbc4e6,AS24940 Hetzner Online GmbH,"60,20",21
0x6fa9a7cde1e18a5a2d1dcdb2bff3e957ea0b4e0e,"AS13335 Cloudflare, Inc.","40,-120",21
0xdf39fbbb7e01b3a33a61f9fb99e5eb18a6dfd711,AS24940 Hetzner Online GmbH,"60,20",12
0x31cdacf1fcdcc4454e89b0cc1ec83de86bdb81f9,AS37153 Xneelo (Pty) Ltd,"-20,20",7
0x110bc4d10bd862aed3bf6c2ebd9effd29c7f1ef8,"AS13335 Cloudflare, Inc.","40,-120",6
